Commodity,horizon_months,mae_raw,mape_raw,n
Corn,1.0,0.0,0.0,16
Corn,2.0,0.0,0.0,15
Corn,3.0,0.0,0.0,15
Corn,4.0,0.0,0.0,14
Corn,5.0,17.733333333333334,0.12774337665068333,15
Corn,6.0,17.733333333333334,0.12774337665068333,15
Corn,7.0,20.46153846153846,0.14739620382771154,13
Corn,8.0,26.466666666666665,0.18864817986581764,15
Corn,9.0,26.466666666666665,0.18864817986581764,15
Corn,10.0,26.466666666666665,0.18864817986581764,15
Corn,11.0,26.466666666666665,0.18864817986581764,15
Corn,12.0,29.133333333333333,0.20822723028187248,15
Corn,13.0,32.46666666666667,0.23311559514851374,15
Corn,14.0,32.0,0.22848872034865964,14
Corn,15.0,32.0,0.22848872034865964,14
Corn,16.0,28.307692307692307,0.2031509253148638,13
Corn,17.0,130.78571428571428,0.942465985423652,14
Corn,18.0,130.78571428571428,0.942465985423652,14
Corn,19.0,219.16666666666666,1.5635752027572167,12
Corn,20.0,259.0,1.885773049440741,14
Corn,21.0,373.14285714285717,2.7352926614359094,14
Corn,22.0,559.2142857142857,4.42774979220609,14
Corn,23.0,766.6428571428571,6.156551249937823,14
Corn,24.0,894.5,7.1105327662648445,14
Cotton,1.0,0.0,0.0,16
Cotton,2.0,0.0,0.0,15
Cotton,3.0,0.0,0.0,15
Cotton,4.0,0.0,0.0,14
Cotton,5.0,0.0,0.0,15
Cotton,6.0,0.0,0.0,15
Cotton,7.0,0.0,0.0,13
Cotton,8.0,0.0,0.0,14
Cotton,9.0,0.0,0.0,14
Cotton,10.0,0.0,0.0,14
Cotton,11.0,0.0,0.0,14
Cotton,12.0,0.0,0.0,14
Cotton,13.0,0.06142857142857126,0.3859392343232358,14
Cotton,14.0,0.12461538461538428,0.792947503314083,13
Cotton,15.0,0.20461538461538462,1.3175674575658798,13
Cotton,16.0,0.22000000000000006,1.4182919821325886,12
Cotton,17.0,0.4507692307692307,2.8725240971162,13
Cotton,18.0,0.6738461538461535,4.364491890999377,13
Cotton,19.0,0.9563636363636363,5.877238926080591,11
Cotton,20.0,1.063333333333333,6.545714915561002,12
Cotton,21.0,1.2891666666666663,8.231138804306074,12
Cotton,22.0,1.3800000000000001,9.251799441930181,12
Cotton,23.0,2.0783333333333336,13.611753604517373,12
Cotton,24.0,2.1200000000000006,13.711864348381619,12
Oats,1.0,0.0,0.0,16
Oats,2.0,0.0,0.0,15
Oats,3.0,0.0,0.0,15
Oats,4.0,0.0,0.0,14
Oats,5.0,0.06666666666666667,0.13333333333333333,15
Oats,6.0,0.06666666666666667,0.13333333333333333,15
Oats,7.0,0.07692307692307693,0.15384615384615385,13
Oats,8.0,0.2,0.33690753690753694,15
Oats,9.0,0.2,0.33690753690753694,15
Oats,10.0,0.2,0.33690753690753694,15
Oats,11.0,0.2,0.33690753690753694,15
Oats,12.0,0.2,0.33690753690753694,15
Oats,13.0,0.2,0.33690753690753694,15
Oats,14.0,0.21428571428571427,0.360972360972361,14
Oats,15.0,0.21428571428571427,0.360972360972361,14
Oats,16.0,0.23076923076923078,0.3887394656625426,13
Oats,17.0,0.21428571428571427,0.360972360972361,14
Oats,18.0,0.21428571428571427,0.360972360972361,14
Oats,19.0,0.3333333333333333,0.5530426557680227,12
Oats,20.0,5.857142857142857,9.48484223437491,14
Oats,21.0,5.857142857142857,9.48484223437491,14
Oats,22.0,5.785714285714286,9.361474019093537,14
Oats,23.0,9.0,15.367259946777065,14
Oats,24.0,9.0,15.367259946777065,14
Rice (Rough),1.0,0.0,0.0,16
Rice (Rough),2.0,0.0,0.0,15
Rice (Rough),3.0,0.0,0.0,15
Rice (Rough),4.0,0.0,0.0,14
Rice (Rough),5.0,0.2666666666666648,0.1327898171341658,15
Rice (Rough),6.0,0.2666666666666648,0.1327898171341658,15
Rice (Rough),7.0,0.2923076923076888,0.1451894710308298,13
Rice (Rough),8.0,0.2666666666666648,0.1327898171341658,15
Rice (Rough),9.0,0.2666666666666648,0.1327898171341658,15
Rice (Rough),10.0,0.2666666666666648,0.1327898171341658,15
Rice (Rough),11.0,0.2666666666666648,0.1327898171341658,15
Rice (Rough),12.0,0.2666666666666648,0.1327898171341658,15
Rice (Rough),13.0,0.2666666666666648,0.1327898171341658,15
Rice (Rough),14.0,0.2857142857142837,0.1422748040723205,14
Rice (Rough),15.0,0.2857142857142837,0.1422748040723205,14
Rice (Rough),16.0,0.2769230769230765,0.13947048055248398,13
Rice (Rough),17.0,2.8000000000000034,1.3790973255257448,14
Rice (Rough),18.0,2.8000000000000034,1.3790973255257448,14
Rice (Rough),19.0,2.9833333333333294,1.4199364730872166,12
Rice (Rough),20.0,4.742857142857143,2.286384772148059,14
Rice (Rough),21.0,10.707142857142864,5.390766845848036,14
Rice (Rough),22.0,11.435714285714292,5.770794305094761,14
Rice (Rough),23.0,14.442857142857147,7.391280349986807,14
Rice (Rough),24.0,16.700000000000003,8.611178441995014,14
Soybean Meal,1.0,0.625,0.0012696542477552513,16
Soybean Meal,2.0,0.6666666666666666,0.001354297864272268,15
Soybean Meal,3.0,7.4,0.015266586915246334,15
Soybean Meal,4.0,7.214285714285714,0.0149060239831865,14
Soybean Meal,5.0,7.4,0.015266586915246334,15
Soybean Meal,6.0,7.533333333333333,0.015586331119882625,15
Soybean Meal,7.0,122.07692307692308,0.2779225750143776,13
Soybean Meal,8.0,165.4,0.37768281641811097,15
Soybean Meal,9.0,310.53333333333336,0.6755817724986948,15
Soybean Meal,10.0,408.93333333333334,0.9013108289423022,15
Soybean Meal,11.0,531.4666666666667,1.1625824179914865,15
Soybean Meal,12.0,741.7333333333333,1.634143936133516,15
Soybean Meal,13.0,892.8666666666667,1.9756857962358083,15
Soybean Meal,14.0,1023.9285714285714,2.2493883886878394,14
Soybean Meal,15.0,998.9285714285714,2.1887756021531866,14
Soybean Meal,16.0,1105.6153846153845,2.4239779875890406,13
Soybean Meal,17.0,1119.357142857143,2.482311108396932,14
Soybean Meal,18.0,1122.857142857143,2.4989141231433902,14
Soybean Meal,19.0,1320.0833333333333,2.953123459338069,12
Soybean Meal,20.0,1343.0714285714287,3.026081657980986,14
Soybean Meal,21.0,1309.2857142857142,2.93690235724461,14
Soybean Meal,22.0,1094.2857142857142,2.39795771266223,14
Soybean Meal,23.0,1192.857142857143,2.5871877158112975,14
Soybean Meal,24.0,1203.5714285714287,2.600114499951436,14
Soybean Oil,1.0,0.3125,0.0013145717651018003,16
Soybean Oil,2.0,0.3333333333333333,0.0014022098827752537,15
Soybean Oil,3.0,5.4,0.02161628526547267,15
Soybean Oil,4.0,5.428571428571429,0.021657937910032947,14
Soybean Oil,5.0,5.4,0.02161628526547267,15
Soybean Oil,6.0,5.466666666666667,0.021956178538984787,15
Soybean Oil,7.0,56.53846153846154,0.2637713137413541,13
Soybean Oil,8.0,72.33333333333333,0.3347255617111379,15
Soybean Oil,9.0,140.73333333333332,0.6251107192795893,15
Soybean Oil,10.0,186.73333333333332,0.8427682072124407,15
Soybean Oil,11.0,259.0,1.1699448775242127,15
Soybean Oil,12.0,350.6666666666667,1.5974309802137936,15
Soybean Oil,13.0,428.3333333333333,1.9679425747950234,15
Soybean Oil,14.0,492.57142857142856,2.244232679388885,14
Soybean Oil,15.0,455.5,2.0743454431253543,14
Soybean Oil,16.0,497.61538461538464,2.2758440487385547,13
Soybean Oil,17.0,513.6428571428571,2.35677137570756,14
Soybean Oil,18.0,567.9285714285714,2.622970452238358,14
Soybean Oil,19.0,646.5,2.9796821192396306,12
Soybean Oil,20.0,703.6428571428571,3.2591825995809294,14
Soybean Oil,21.0,661.5714285714286,3.0790353089494316,14
Soybean Oil,22.0,530.5,2.4512088884564056,14
Soybean Oil,23.0,594.8571428571429,2.7105881216510235,14
Soybean Oil,24.0,607.7142857142857,2.7563343885816987,14
Soybeans,1.0,0.0,0.0,16
Soybeans,2.0,0.0,0.0,15
Soybeans,3.0,0.0,0.0,15
Soybeans,4.0,0.0,0.0,14
Soybeans,5.0,0.06666666666666667,0.0015110305228165609,15
Soybeans,6.0,0.06666666666666667,0.0015110305228165609,15
Soybeans,7.0,0.07692307692307693,0.001743496757096032,13
Soybeans,8.0,29.2,0.7459960964598146,15
Soybeans,9.0,29.2,0.7459960964598146,15
Soybeans,10.0,29.2,0.7459960964598146,15
Soybeans,11.0,29.2,0.7459960964598146,15
Soybeans,12.0,29.533333333333335,0.755380480844199,15
Soybeans,13.0,29.6,0.7572573577210758,15
Soybeans,14.0,31.714285714285715,0.811347168986867,14
Soybeans,15.0,31.785714285714285,0.8131665416671668,14
Soybeans,16.0,25.307692307692307,0.6742029784419257,13
Soybeans,17.0,56.42857142857143,1.463285009620024,14
Soybeans,18.0,56.42857142857143,1.463285009620024,14
Soybeans,19.0,63.5,1.6845771877718414,12
Soybeans,20.0,111.92857142857143,3.076435301588115,14
Soybeans,21.0,135.71428571428572,3.5761309141586186,14
Soybeans,22.0,134.71428571428572,3.392373883723745,14
Soybeans,23.0,217.78571428571428,5.6082370628714875,14
Soybeans,24.0,217.78571428571428,5.6082370628714875,14
Sugar,1.0,0.4375,0.0050542975970425145,16
Sugar,2.0,1.0,0.011504345504903127,15
Sugar,3.0,1.6,0.018934136004281076,15
Sugar,4.0,2.0714285714285716,0.024077997328551277,14
Sugar,5.0,4.2,0.04736020938735748,15
Sugar,6.0,8.333333333333334,0.093015520533096,15
Sugar,7.0,54.53846153846154,0.6158208104097389,13
Sugar,8.0,73.66666666666667,0.8646993294823268,15
Sugar,9.0,80.53333333333333,0.9425270144199026,15
Sugar,10.0,80.86666666666666,0.9475387401956666,15
Sugar,11.0,92.73333333333333,1.0682751860885926,15
Sugar,12.0,96.46666666666667,1.112664283133214,15
Sugar,13.0,118.53333333333333,1.3581841102305219,15
Sugar,14.0,140.0,1.6045459328565603,14
Sugar,15.0,152.64285714285714,1.7488433492467288,14
Sugar,16.0,166.69230769230768,1.9324393705950471,13
Sugar,17.0,196.85714285714286,2.281294381532734,14
Sugar,18.0,278.64285714285717,3.214850802852849,14
Sugar,19.0,364.6666666666667,4.239644864681003,12
Sugar,20.0,329.7142857142857,3.8412370518593915,14
Sugar,21.0,270.5,3.1757633150239353,14
Sugar,22.0,312.57142857142856,3.6222624980064526,14
Sugar,23.0,326.2142857142857,3.743003365081259,14
Sugar,24.0,312.57142857142856,3.59169382703234,14
Wheat,1.0,0.0,0.0,16
Wheat,2.0,0.0,0.0,15
Wheat,3.0,0.0,0.0,15
Wheat,4.0,0.0,0.0,14
Wheat,5.0,0.06666666666666667,0.003829216925138809,15
Wheat,6.0,0.06666666666666667,0.003829216925138809,15
Wheat,7.0,0.07692307692307693,0.00441832722131401,13
Wheat,8.0,3.0,0.150491802920517,15
Wheat,9.0,3.0,0.150491802920517,15
Wheat,10.0,3.0,0.150491802920517,15
Wheat,11.0,3.0,0.150491802920517,15
Wheat,12.0,3.0,0.150491802920517,15
Wheat,13.0,3.0,0.150491802920517,15
Wheat,14.0,3.0714285714285716,0.15480040844923357,14
Wheat,15.0,3.0714285714285716,0.15480040844923357,14
Wheat,16.0,3.230769230769231,0.16262733233932972,13
Wheat,17.0,3.0714285714285716,0.15480040844923357,14
Wheat,18.0,3.0714285714285716,0.15480040844923357,14
Wheat,19.0,7.5,0.37367557527198486,12
Wheat,20.0,40.785714285714285,2.179842749576727,14
Wheat,21.0,40.785714285714285,2.179842749576727,14
Wheat,22.0,48.642857142857146,2.58820096669119,14
Wheat,23.0,97.0,5.046556323313079,14
Wheat,24.0,98.0,5.027300738561967,14
